{
  "episodes": 100,
  "mean_total_cost": 11080.33,
  "std_total_cost": 964.3570791465162,
  "mean_service": 0.8623032857544328,
  "mean_holding": 5563.3,
  "mean_stockout": 3916.05,
  "mean_order": 1600.98
}