{
  "episodes": 100,
  "mean_total_cost": 7888.31,
  "std_total_cost": 1285.7758723432323,
  "mean_service": 0.8231518911402184,
  "mean_holding": 1203.26,
  "mean_stockout": 5320.85,
  "mean_order": 1364.2
}